,text,label
0,"он говорил ему, указывая на поля,",0
1,"тревога беспредметная и бесцельная в настоящем,",0
2,"- я о тебе, третьего дня",1
3,- что ж вы? - закричал,1
4,он с мучением задавал себе этот,1
5,"- что ж шутить, - посмеиваясь",1
6,"- не мучьте меня, говорите, говорите!",1
7,"- ну, ну, голубчик, дядюшка, -",0
8,3 го марта во всех комнатах,0
9,1) различия в форме собственных имен:,1
10,князь репнин назвал поручика сухтелена.,0
11,"- карагины, жюли и борис с",0
12,"денисов ударил его по плечу, и",0
13,она всегда протягивала ему свою руку,1
14,- ну и довольно! - прервал,1
15,"анатоль курагин жил в москве, потому",0
16,"""если б я прежде видел ее",1
17,"графиня безухая, по справедливости, имела репутацию",0
18,"в остроге, в окружающей его среде,",0
19,"- ну не выйду замуж, так",1
20,"- когда это графиня приедет, измучила",0
21,"- ну, в америку собираться да",1
22,"- я сам. с усам, -",1
23,"- ноне их не разберешь, кто",1
24,- начала было она петь... -,1
25,"- она вымахалась, три угонки дала",1
26,- зарядили неаккуратно. ничего! у вас,1
27,"- да, был шулером.",0
28,"борис улыбнулся: - напротив, я сделаю,",0
29,"- там никого нет дома, -",0
30,"в июне месяце произошло фридландское сражение,",0
31,"- как случится, - сказал ростов.",0
32,- вы когда меня думаете арестовать?,0
33,"""куда это собрались?"" подумал ростов.",0
34,"- а-зе, сто-зе вам и здеся",1
35,- и ты сомневался в этом?,1
36,княжна марья накинула шаль и побежала,0
37,"- да ведь я здесь, через",1
38,"""это политический заговорщик! наверно! и он",1
39,он приставил револьвер к своему правому,0
40,- да уж десять.,1
41,- вот мы уже поворотили за,1
42,- дети где? - спросила она,1
43,"две девочки в белых платьях, с",1
44,"и каким образом этот ""похвальный лист""",0
45,денежные дела ростовых не поправились в,0
46,- а как он смотрит теперь,1
47,"- его видела? - спросила наташа,",0
48,"- да что это, брат, разве",1
49,свидригайлов вынул револьвер и взвел курок.,0
50,- отчего соня убежала? - спрашивал,1
51,"- нет, лазареву то какое счастье!",1
52,"""да, что бишь еще неприятное он",1
53,- а больше ничего не потребуется?,1
54,- я хотел только... я к,1
55,после обеда дочь сперанского с своей,1
56,"""нет, я верно ошибаюсь, он должен",0
57,- очень далеко.,1
58,"- а! ест, стало быть, не",1
59,"- как хотите, я не для",1
60,в начале 1806 года николай ростов,0
61,"- еще бы, разве я сам",1
62,он страдал тоже от мысли: зачем,0
63,"- убери же его, дай ему",0
64,она с страданием посмотрела на нее:,1
65,"- я, софья семеновна, может, в",1
66,"- я пошлю вам ее, -",1
67,"- да, я. я. хочу обновления,",1
68,"- а, это вы, - сказал",0
69,"- так вот ты как живешь,",1
70,"- что, узнаешь свою маленькую приятельницу",1
71,"- я, видишь, соня, рассудил, что",1
72,в пятом часу вечера сражение было,0
73,"""потом, что же я буду спрашивать",1
74,вскоре после святок николай объявил матери,0
75,"- а, вот вы куда! я",1
76,"борис чуть заметно улыбался, слушая мать.",0
77,"когда ввечеру илагин распростился с николаем,",0
78,"- пришла, отец мой, мне народ",0
79,"- а что у вас, женщина?",1
80,всю дорогу вилларский молчал. на вопросы,0
81,"- как посол приказал, на ваших",0
82,- никого нет? - спросил было,1
83,- г.'аз! два! т'и!. - сердито,0
84,когда все поехали назад от пелагеи,1
85,минут через пять он поднял голову,0
86,"жених с невестой, не поминая более",0
87,"- да, я подслушивал; теперь пойдемте",1
88,она тоже весь этот день была,1
89,"- да, это затруднительно, понеже образование",1
90,"- за здоровье красивых женщин, петруша,",0
91,"- ах, сделай милость, ты всё",0
92,он бродил без цели. солнце заходило.,0
93,"- молодость не мешает быть храбрым,",0
94,"краска даже ударила в его бледное,",0
95,"кочубей, улыбнувшись, покачал головой, как бы",0
96,"- наташа, - сказал он ей",0
97,- ну вот! - с отвращением,1
98,- высшая мудрость и истина есть,1
99,- так прикажете стерлядей больших взять?,1
100,"""анатоль ездил к ней занимать у",0
101,"- позвольте у нее спросить, -",1
102,"- нет, не сказал... словами; но",1
103,выпадала хороша.,0
104,"в тот же день, но уже",0
105,"""я бы рада была отдохнуть и",1
106,- еду.,1
107,все эти отклики и разговоры сдержали,0
108,вступив снова в эти определенные условия,0
109,"- душой рада, что приехали и",0
110,да и всё казалось так бесполезно,1
111,"- след заячий, много следов! -",1
112,- то-то наплевать! изверились да и,1
113,"богучарово лежало в некрасивой, плоской местности,",0
114,"свидригайлов внимательно поглядел на раскольникова, и",1
115,"- я тебе говорила, - отвечала",1
116,- в знак повиновенья прошу вас,0
117,- вы сами же вызывали сейчас,0
118,"но потом, увидав отца и особенно",1
119,"""что ж это он, за кого",1
120,- теперь куда прикажете? - спросил,1
121,после первого монолога всё общество встало,0
122,"- покажите-ка, мамаша.",1
123,"мысль эта иногда, даже во сне,",1
124,"в полдневный жар, в долине дагестана...",1
125,"- я должен вам сказать, я",0
126,- она!,1
127,- теперь чтобы понравиться московским девицам,1
128,княжна марья действительно сконфузилась и покраснела,0
129,но через две недели после его,0
130,- больше ничем?,1
131,"за обедом речь зашла о войне,",1
132,"- с удовольствием отдаю ее вам,",1
133,"- а-а-а! слыхом не слыхать, видом",1
134,"- скорей! скорей! - повторил свидригайлов,",1
135,"- а потому-зе, сто не места.",1
136,"- ах, да! ведь вы подружились;",1
137,сколько он мог судить и в,1
138,раскольников вряд ли и сам мог,1
139,"в передней отворилась дверь подъезда, кто",0
140,- и мне нельзя с тобой?,1
141,"когда все, раздевшись и оправившись с",1
142,- не противоречу вам и притом,1
143,едва ростов успел передать письмо и,0
144,- да меня то поцелуй!,1
145,марья дмитриевна любила воскресные дни и,1
146,они оба помолчали.,1
147,но в это время берг подошел,1
148,"анатоль согласился и поехал в москву,",0
149,и он пошел направо к сенной.,0
150,"он на той же постели, так",1
151,"- э-эх! посидите, останьтесь, - упрашивал",1
152,николай стал ходить взад и вперед,0
153,- это я... - начал было,1
154,"небольшое общество, собравшееся в старомодной, высокой,",0
155,- ты у матери был? ты,1
156,"ему хотелось, впрочем, сказать что-то другое.",1
157,в 10 м часу официанты бросились,0
158,- из благородных! - заметил кто-то,1
159,"- ну и прощай, одевайся. он",1
160,"- нет, нет, - закричала наташа.",0
161,"- ну что, повеселился? - сказал",0
162,"- беру, беру назад, - проговорил",0
163,"- ну, об чем же нынче?",1
164,- что-о-о?,1
165,ее опять приподняли.,1
166,"- доноси, если хочешь! ни с",0
167,"- иду. сейчас. да, чтоб избежать",1
168,"- чудо! - сказала наташа, -",0
169,"дух у него захватило, и он",1
170,"- ах, авдотья романовна, теперь всё",1
171,пульхерия александровна робко подошла к нему.,1
172,"""как я не видала ничего? как",1
173,"- нет, не убежите. мужик убежит,",1
174,"- прогуляться собираетесь? вечерок-то будет хорош,",1
175,"- прощай, родион. я, брат... было",1
176,"- вы сказали сейчас ""насилие"", авдотья",1
177,"князь андрей, приехав в москву, в",0
178,раздался смех.,1
179,"он подошел к столу, взял одну",0
180,"граф илья андреич ростов, озабоченно, торопливо",0
181,"- вы не знаете его, государь",0
182,анатоль вышел из комнаты и через,0
183,его окликнули. он оглянулся; к нему,0
184,"- благодарю вас, милостивый государь, -",0
185,пьер несколько раз пересаживался во время,0
186,"- зло? зло? - сказал пьер,",0
187,раскольников даже вздрогнул.,1
188,- вы ей о бугорках говорили?,1
189,тихая жизнь и спокойное семейное счастие,0
190,дуня в испуге отшатнулась от него,1
191,"но когда разглядели хорошенько катерину ивановну,",1
192,"анатоль шел за ним обычной, молодцоватой",0
193,"и отпустив маврушу, наташа через залу",0
194,"- вам направо, а мне налево",1
195,"- нет, ничего не знаю, -",0
196,"- ах, как хорошо, отлично! -",1
197,анатоль и долохов тоже любили балагу,0
198,"- ах, мой друг, как я",0
199,"- да нет же, нет! -",1
200,"""а, сигнал! вода прибывает, - подумал",1
201,говорили про доктора и про священника.,0
202,- ты барин! - говорили ему.,1
203,- сейчас. а ты с тех,1
204,"- нет, в бане гадать, вот",0
205,- я этих модных церквей не,1
206,он уже забывался; лихорадочная дрожь утихала;,1
207,в финляндской войне ему удалось также,0
208,его же самого не любили и,0
209,"- ну, тогда было дело другое.",0
210,комната князя андрея была в среднем,0
211,"- я покамест на квартиру, да",1
212,"- я бы желал знать, любили",0
213,он вышел.,1
214,"в каменном доме, на дворе с",0
215,"въехав в ворота большого дома, где",0
216,лопухин и старый генерал изредка принимали,0
217,- ну вот и ты! -,1
218,"все сбежались, все затеснились кругом. раскольников",1
219,"они хотели было говорить, но не",1
220,"""потом еще, пожалуй, содрогнется, когда вспомнит,",1
221,- с безуховой водиться я не,1
222,- боже мой! что ж это,1
223,"- но только, родя, как я",1
224,в это время он получил письмо,0
225,"- ежели вы тверды, то я",0
226,"наташа, боявшаяся, что брат ее наделает",0
227,"""какой вздор иногда приходит в голову!",1
228,"раскольникова мучило то, что этот бессмысленный",1
229,- надо здесь остановиться: император сейчас,1
230,дуня чуть-чуть покраснела.,1
231,наташа нашла с помощью сони и,0
232,"- да, она.",1
233,"- что? да, я слышал что",1
234,"граф обрадовался, что анна михайловна брала",0
235,"между тем катерина ивановна отдышалась, на",1
236,"""кошемар во всю ночь!"" он злобно",0
237,в полдневный жар!.. в долине!.. дагестана!..,1
238,"- оно, положим, жажда к просвещению",1
239,"- а! не та форма, не",1
240,"раскольников вскочил с дивана, постоял было",1
241,"ах, как я любила... я до",1
242,"- луиза ивановна, можно мне? -",1
243,- как же вы... как же,1
244,"- авдотья романовна, что с вами,",1
245,- ну что там! - проговорил,1
246,"наташе казалось, что еще когда она",0
247,наполеон чуть поворотил голову назад и,1
248,- я? что я? - сказал,0
249,"князь андрей держал ее руки, смотрел",0
250,илья петрович раскрыл рот. со всех,1
251,- да... приду.,1
252,"- которую все проливают, - подхватил",0
253,она долго не могла заснуть. она,1
254,"- объясниться пришел, голубчик родион романыч,",0
255,- так я и думала! да,1
256,"в ростове, также как и во",0
257,"- да садитесь, порфирий петрович, садитесь,",1
258,"- да, мне пора-с, - пробормотал",1
259,анатоль очевидно у двери ожидал входа,0
260,"- нужды нет, я все-таки зайду.",1
261,"было морозно и ясно. над грязными,",0
262,пять месяцев спустя после явки преступника,0
263,"на праценской горе, на том самом",0
264,- вы опять как будто побледнели.,1
265,"- нет, послушай, - сказала она,",0
266,анатоль последнее время переселился к долохову.,0
267,и он подумал о соне.,1
268,- что за прелесть этот дядюшка!,0
269,"- лгу? ну, пожалуй, и лгу.",1
270,"""хорошее, должно быть, место, - подумал",0
271,- укусила оса! прямо в голову,1
272,"князь андрей сначала читал одними глазами,",0
273,- где? - спросил болконский. -,0
274,"- это значит то, что я",1
275,наташа в эту зиму в первый,0
276,"- ты и с ним кокетничаешь,",1
277,дуня села. свидригайлов сел подле нее.,1
278,- а-а-а? вы опять! оставили что-нибудь?..,1
279,"- о, изволь, это сколько тебе",1
280,"- о, родя, полно! - горько",1
281,- ну вот еще!,1
282,- ну и спасибо тебе. ты,1
283,граф илья андреич в 1809 м,0
284,"- поручик, граф ростов.",0
285,наташа в первый раз после многих,0
286,"он уже в сотый раз, может",1
287,он постучал в дверь; ему отперла,1
288,"- ты плачешь, сестра, а можешь",0
289,главноуправляющий выразил большое сочувствие намерениям пьера;,0
290,- непременно помешалась! - говорил он,1
291,ростов описал наружность денисова.,0
292,"ростов был очень счастлив любовью, которую",0
293,раскольников встал с места и взял,1
294,"он опять взглянул на нее, и",1
295,осенью семейство ростовых вернулось в москву.,0
296,"он думал об ней. он вспомнил,",1
297,"прошло мгновение ужасной, немой борьбы в",0
298,в пятницу ростовы должны были ехать,0
299,"- какие причины, не знаю. но",0
300,"на беспокойные расспросы графа о том,",0
301,"- да, он приятный молодой человек.",0
302,"- иссосали мы тебя, соня... поля,",1
303,николай выразил наташе свое неудовольствие о,0
304,"""сейчас? сию минуту!. нет, это не",1
305,"- но какой вы, однако же,",1
306,весь этот вечер до десяти часов,1
307,в это короткое пребывание ростова в,0
308,свидригайлов сидел уже в коляске. раскольников,1
309,"раскольников с побледневшими губами, с неподвижным",1
310,"- ну, брат, это всё равно.",1
311,- сбавка будет... - засмеялся раскольников.,1
312,"- прямо, прямо, вот по дорожке,",1
313,"- петруша с бумагами от папеньки,",0
314,"на канаве, не очень далеко от",1
315,она была не одна; кругом нее,1
316,- а как это в амбаре,0
317,- нет.,1
318,"- он теперь здесь, скажите ему.",1
319,"""какое право он имеет не хотеть",1
320,- ах какая прелесть! ну теперь,1
321,"дунечка вздрогнула, быстро взвела курок и",1
322,"- ба, ба, ба... да вы",1
323,- софья семеновна не воротится до,1
324,"он торопился; но, уже выходя и",1
325,"- позвольте, барышня, позвольте, - говорила",1
326,"""ну, говори же, говори же, -",0
327,"- что же там, служба какая,",1
328,"- мавруша, скорее, голубушка!",1
329,пришло утро с его заботами и,1
330,"- мамаша, ведь вы сами гадали.",0
331,"- это он в иерусалим идет,",1
332,"- василий денисов, друг вашего сына,",0
333,"""это, это политический заговорщик, это наверно,",1
334,"- василий дмитрич, я благодарю вас",0
335,"""ну вот точно так же она",1
336,"на другой день, полковой командир позвал",0
337,- да неужели же мне и,1
338,- да кто вы такой и,1
339,"- это что! - вскричал свидригайлов,",1
340,илья петрович даже руку протянул.,1
341,"- ну что ж, промах! стреляйте",1
342,раскольников повторил свое показание.,1
343,"ну, однако ж, что может быть",1
344,"не отвечая ничего ни жене, ни",1
345,- я ни про кого не,1
346,"- нет, а вы станьте на",1
347,соня сидела за клавикордами и играла,1
348,"неясный инстинкт сказал пьеру, что в",0
349,старик казался оживленнее обыкновенного. княжна марья,0
350,- я мог иметь... причины... вы,1
351,"впереди его шел берейтор кутузова, ведя",0
352,"- эх, родион романыч, не совсем",1
353,- и подслушивайте у дверей!,1
354,свидригайлов простоял еще у окна минуты,0
355,"- марья богдановна! кажется началось, -",0
356,он отошел к окну. к нему,1
357,- а! призраки марфы петровны! что,1
358,в это же самое время князь,0
359,"и она, сама чуть не плача",1
360,"дунечка проговорила это скороговоркой, торопясь, и",0
361,"- 3ак'ойтесь! - не выдержав, крикнул",0
362,"- что же, мне входить к",1
363,"- я боюсь, что ты погубишь",0
364,- лжешь! (бешенство засверкало в глазах,0
365,"- как это странно, точно во",1
366,"он был красен, весь в поту,",1
367,- и я мог иметь свои,1
368,уже одна треть гостей приехала на,0
369,- но зачем эти тайны! отчего,1
370,"- ну вот, глупости! - я",0
371,разумихин стоял в задумчивости и в,1
372,раскольников вошел в комнату и в,1
373,ростов задумался.,0
374,пелагеюшка вдруг побледнела и всплеснула руками.,0
375,- не навек? ведь еще не,1
376,"- перестань, соня, перестань! - кричала",1
377,раскольников грустно и внушительно поглядел на,1
378,"- я слышал, что они на",1
379,"она держалась всё так же прямо,",1
380,- так она здесь еще? -,1
381,- кличъ!,1
382,"французы, переставшие стрелять по этому, усеянному",0
383,"- счастье его, что он от",1
384,наташе показалось оскорбительно это семейное сближение,0
385,наташа закрыла рукою рот матери.,0
386,"- а вы убеждены, что не",1
387,но он все-таки шел. он вдруг,1
388,"- он сказал, что ожидал этого,",0
389,"- а вы знаете, что за",1
390,- натали?!,1
391,"- губка-то опять, как и тогда,",1
392,"- я, - продолжал свидригайлов, колыхаясь",0
393,"- смотри, ты запьешь!",1
394,- об чем же нынче? а,1
395,"он вошел на сенную. ему неприятно,",1
396,"- скажите лучше, если вы сюда",1
397,- мне просить государя! - сказал,0
398,- я кто такой? вы знаете:,1
399,"- довольно, маменька, - сказал раскольников,",1
400,"- но такого, такого. со мной",1
401,"- ничего. подай книгу, - сказал",0
402,- как хороша! не уступит марье,1
403,"- я теперь, граф, уж совершенно",0
404,"- он ограбил, вот и вся",1
405,"борис пришел в ложу ростовых, очень",0
406,"- мой друг, - послышался ему",0
407,"- люблю, что позаботился, люблю, останешься",0
408,- потому по улицам запрещено-с. не,1
409,- как! сегодня же! - вскрикнула,1
410,- ну так и оставим меня,1
411,"- во-первых, этого никак нельзя сказать",1
412,"""приду к одному месту, помолюсь; не",1
413,он нашел его в очень маленькой,1
414,"""и чему она радуется! - подумал",1
415,"- только не поздно, граф, ежели",0
416,"похолодев и чуть-чуть себя помня, отворил",1
417,"- что ж, садись! - сказал",0
418,"- полно, ты упадешь.",1
419,"- ехать, ехать! - закричал анатоль.",0
420,"- ежели вы отказываетесь для меня,",0
421,"- ах да, ужасно глупо. -",0
422,"- ах, да, - с неестественной",1
423,"""и право, вот настоящий мудрец! подумал",1
424,- какая смелость! по команде подайте.,1
425,- какую черточку?,1
426,"""я видел во сне, что иду",1
427,"- тщетны россам все препоны, едем!",0
428,- то есть не совсем о,1
429,а между тем он все-таки спешил,1
430,остров отрадненского заказа виднелся саженях во,0
431,"- а-зе здеся нельзя, здеся не",1
432,ему всё не спалось. мало-помалу давешний,1
433,"""где оно, это высокое небо, которое",0
434,- и... не можешь?.. никогда? -,1
435,- никогда! - прошептала дуня.,1
436,- преступление? какое преступление? - вскричал,1
437,- я... очень рад... до свидания-с...,1
438,он встал и уселся на краю,1
439,"после отъезда денисова, ростов, дожидаясь денег,",0
440,"- я под дождем вчера был,",1
441,"- мама, можно поговорить, да? -",1
442,"всех братьев, которых он знал, он",0
443,"- послушайте, порфирий петрович, вы ведь",1
444,"- родя, не сердись, я и",1
445,"- он человек деловой, трудолюбивый, честный",1
446,- ну уж после этого я,1
447,"- ведь сказал, что не отдам,",0
448,он брызнул на нее воды. дунечка,1
449,"- приду, приду, прощайте.",1
450,- сама знает?,1
451,- волшебница всё со мной сделает!,1
452,"- маменька, оставьте это, я сейчас",1
453,раскольников вздрогнул.,1
454,- а я именно хотел тебе,1
455,"- ах да, да, - отвечал",0
456,неразрешим был для него еще один,1
457,как по пушному ковру шли по,1
458,"- кстати! помнишь это убийство, ну,",1
459,"- не будем говорить, мой друг,",0
460,"- николенька, какая прелестная собака, трунила!",1
461,раскольников долго не знал о смерти,1
462,дорогой один вопрос особенно мучил его:,1
463,еще в начале процесса мать раскольникова,1
464,- поймала? - сказал николай.,0
465,"- арап, - докончил николай с",0
466,- свидригайлов! свидригайлов застрелился! - вскричал,1
467,когда борис и анна павловна вернулись,0
468,"- ну, душа моя, - сказал",0
469,"- бог помилует, никогда дохтура не",0
470,"- коко, ты приехал, поди ко",1
471,"дело пьера с долоховым было замято,",0
472,"князь николай андреич, смеявшийся над медициной,",0
473,"- ну, вот ты хочешь освободить",1
474,раздались звонки; старшины бросились вперед; разбросанные,1
475,- от порфирия.,1
476,"""я сам знаю, как мы не",1
477,"- мать моя. моя мать, мой",0
478,"- нет, какой я игрок. шулер",0
479,"- а я читал. нынче, впрочем,",1
480,"соня, как и всегда, отстала от",1
481,свидригайлов в нетерпении ударил кулаком по,1
482,"- я сейчас был у графини,",0
483,"несколько раз, со слезами на глазах,",1
484,- ну что ж... в трех,1
485,- узнала? - спросил он. -,1
486,- нельзя же было кричать на,0
487,он довольно бодро вошел во двор.,1
488,"илья петрович хохотал, вполне довольный своими",1
489,"- да, - отвечала она, -",1
490,"в это время петя, в первой",0
491,"- нет, нет и тысячу раз",1
492,лицо раскольникова омрачалось более и более.,1
493,- к нему. где он? вы,1
494,"- пожалуйста, василий дмитрич, - говорила",0
495,"- графские наряженные, по лошадям вижу,",0
496,- здеся не места.,1
497,"- только еще один раз, -",1
498,"- а я помню: мне сказали,",0
499,"- хорошо, - сказал князь, затворяя",0
500,"- скажите ему, что после. сейчас",1
501,- ну что: раскольников! и неужели,1
502,"невысокий полный человек лет 30, в",0
503,"не смеет утруждать алкидов русских боле.""",0
504,- как вы похорошели!,1
505,"""а выдержит эта или не выдержит?",1
506,"это выражение робкой и подлой улыбки,",0
507,"""петербург, 23 го ноября.",0
508,"- потому что это, может быть,",1
509,он был болен уже давно; но,1
510,"нет, он не был холоден к",0
511,- господин-то разумихин! - вскричал порфирий,1
512,"""что же это он, за свою",1
513,"когда напились кофе после обедни, в",0
514,- ага! так вот как! -,1
515,"- дуня, милая! если я виновен,",1
516,"он вспомнил, что в этот день",1
517,раскольников злобно усмехнулся.,1
518,- а шуба где? - сказал,0
519,"дуня подняла револьвер и, мертво-бледная, с",1
520,- раскольников.,1
521,"- да, женщина, так, нечаянный один",0
522,"- вы негодяй и мерзавец, и",0
523,- я целый день сидела у,1
524,- бросила! - с удивлением проговорил,1
525,через час все костюмы измялись и,0
526,"- наталья ильинична, - начал пьер,",0
527,"- дуни дома нет, мамаша?",0
528,"- соня, ты поди разбуди его,",1
529,"- я ничего не прошу, а",1
530,"- ну да, недавно приехал, жены",0
531,- ведь вот эти папироски! -,1
532,"ритор прокашлялся, сложил на груди руки",0
533,"анатоль опять вошел в комнату и,",0
534,"- хорошо, оставим вас в покое.",0
535,"- я сказал ей, что ты",0
536,"- не так, не так, соня,",1
537,"- вы, порфирий петрович, пожалуйста, не",1
538,"- так это не правда, что",1
539,"он не раскрыл ее и теперь,",1
540,- ну вот этого-то я и,1
541,"он иногда замечал с неудовольствием, что",1
542,"- дуня! - остановил ее раскольников,",1
543,"свидригайлов очнулся, встал с постели и",1
544,- в америку.,1
545,"всё это было хозяйства, сбора и",0
546,- это я убил тогда старуху-чиновницу,1
547,кхи-кхи-кхи! (и она закатилась от кашля.),1
548,"о, как ему всё это надоело!",1
549,прошло еще мгновение.,1
550,- это можно-с.,1
551,- на записку вашу мной положена,0
552,соня также вскочила со стула и,1
553,особенно тревожил его свидригайлов: можно даже,1
554,"- родька... видишь... ну... ах, черт!",1
555,в третьем кружке нарышкин говорил о,0
556,"- а что поздно? - поздно,",1
557,"граф оглянулся и направо увидал митьку,",0
558,пьер после сватовства князя андрея и,0
559,он упорно смотрел в окно.,1
560,- но я с собою ничего,1
561,- зачем же вы прямо не,1
562,"он стал на колени среди площади,",1
563,он подошел к дуне и тихо,1
564,"- позвольте, позвольте; конечно, катерине ивановне",1
565,"теперь покамест ему казалось, что не",1
566,князь андрей подошел к пьеру и,0
567,"- здорово, брат. - ну вот",1
568,"""весна, и любовь, и счастие!"" -",1
569,- вот ключ! (он вынул его,1
570,"""да так ли, так ли всё",1
571,"- несправедливо то, что есть зло",1
572,"- я к вам, софья семеновна.",1
573,- а! - сказал анатоль. -,0
574,"перед ужином князь андрей, вернувшись назад",0
575,"какой огонь ты в сердце заронила,",0
576,- что же смотреть? - сказал,0
577,"- маменька, что бы ни случилось,",1
578,- но вы им не хотели,1
579,"- что ж, подурнела?",1
580,"- что же, - сказал пьер,",0
581,"гусары, барыни, ведьмы, паясы, медведи, прокашливаясь",0
582,- так когда получить? - спросил,1
583,"- кто я? я поконченный человек,",1
584,"эти последние слова, после всего прежде",1
585,"- убирайся к чорту, - сказал",0
586,"- три дня, - сказала наташа.",0
587,авдотья романовна не могла договорить; дыхание,1
588,"- э-эх, наплевать! - презрительно и",1
589,"- без жалованья членом, - повторил",1
590,"жюли сказала, что это прелестно.",0
591,"""всё кончено, я пропал! думал он.",1
592,"- я приказывал, ваше высокоблагородие, не",0
593,- в таком случае мы можем,1
594,"оказалось потом, что в этот же",1
595,"- не ждали гостя, родион романыч,",1
596,- э-эх! человек недоверчивый! - засмеялся,1
597,"- да, вы не знаете его,",1
598,"- а знаешь, - вдруг сказала",0
599,крупные слезы текли по щекам ее.,0
600,- какие же... причины!,1
601,он тоже взялся за фуражку.,1
602,- чего? - рассеянно отвечал старик.,0
603,"- и как она танцует, какая",0
604,"- и почему вы могли поверить,",0
605,"- душенька моя, - сказал он:",0
606,- ну да и пьян же,1
607,"никогда, никогда еще не чувствовал он",0
608,он был как бы сам не,1
609,"- а, вы про это! -",1
610,"свидригайлов поил и катю, и шарманщика,",1
611,"приехав в петербург, пьер никого не",0
612,"- я думаю нет, - сказал",0
613,"- я-с вами так облагодетельствована, и",1
614,- какого?,1
615,"дуня вся вспыхнула, потом вдруг встревожилась:",1
616,- чему же тут радоваться? это,1
617,"""чем, чем, - думал он, -",0
618,он привел авдотью романовну обратно в,1
619,"- родя, милый мой, первенец ты",1
620,- так к тебе ходит авдотья,1
621,радостный крик вырвался из ее груди.,1
622,"- как хотите, но заметьте, я",1
623,- что!,1
624,"- прелесть, прелесть, дядюшка; еще, еще,",0
625,дунечка наконец не вытерпела и оставила,1
626,он никогда не говорил с ними,1
627,"- николинька, ты говоришь пустяки, замолчи,",1
628,- дурак! - закричала она на,1
629,"- сделайте одолжение, довольно! - перебил",1
630,"после 6 ти роберов генерал встал,",0
631,"- забыл, - отвечал с удивлением",1
632,свидригайлов хохотал во все горло; наконец,1
633,"- да вот так то, пошла",1
634,"- целый вечер вам буду петь,",0
635,- что бог пошлет... помолитесь только,1
636,"- да, - сказал князь андрей,",0
637,- слышали ли вы про ростовых?,0
638,"наконец, ухватив за воротник солдата, он",0
639,"- ты далеко пойдешь, - сказал",0
640,- ну вот еще! почему меня,1
641,- уу! моя красавица! - закричал,1
642,- наташа! - сказала она чуть,0
643,он стоял пред нею в двух,1
644,"- лёгко, ваше сиятельство.",0
645,- жизнь и так не оставляет,1
646,"- а вы твердо уверены, что",1
647,"[ядовитая пища слишком чувствительной души,",0
648,как дальше-то? вот бы спеть...,1
649,"- не твой револьвер, а марфы",0
650,"раскольников опустил правый локоть на стол,",1
651,"вернувшись в москву из армии, николай",0
652,"- ведь это не только смешно,",1
653,"он, конечно, не мог, да и",1
654,"- что ты! ты куда? оставайся,",1
655,- я совсем об этом не,1
656,"- вот ваше письмо, - начала",0
657,"- господи, сохрани! - проговорила одна",1
658,через пять минут данило с уваркой,0
659,"- а что с тобой, моя",1
660,"- шиллер-то, шиллер-то наш, шиллер-то! оù",1
661,"- всё это от вас зависит,",1
662,"- ну, а мерзость всей этой",1
663,дом карагиных был в эту зиму,1
664,- что? священника?.. не надо... где,1
665,- ведь этакой! я нарочно о,1
666,сошли на тротуар.,0
667,- да что вам сказать? разве,1
668,николай не видал и не слыхал,0
669,"""боже мой, ежели бы он был",0
670,"он вышел, оставив соню в изумлении,",1
671,"- нет, напротив, - напротив, веселое",1
672,весь этот день охота была дома;,1
673,"- отчего другие видят, а я",1
674,"- вы, кажется, нарочно хотите меня",1
675,"- нет, я уж теперь не",1
676,"граф илья андреич, смеясь, подтолкнул краснеющую",0
677,- просто в исступлении. то есть,1
678,- да просто как любопытный субъект,1
679,"- я хочу видеть софью семеновну,",1
680,"- э, полноте, полноте.",1
681,"стараниями чиновника дело это уладилось, даже",1
682,"княжна марья пожала плечами, но покорно",0
683,в апреле месяце ростов был дежурным.,0
684,"- я к вашим услугам, -",0
685,"- а что, стыда буржуазного, что",1
686,"он шел по набережной канавы, и",1
687,- софья семеновна предупреждена?,1
688,пульхерия александровна с радостью благословила дочь,1
689,- ну всё таки надо отказать.,0
690,поздно вечером ростов собрался уезжать и,0
691,"""я опять живу с женой. теща",1
692,"соня вышла в коридор, чтобы итти",1
693,"- красавица, краля то моя! -",1
694,она круто повернула и пошла к,1
695,"- нет, не на этом, а",1
696,"- не убит, ранен, - поправил",0
697,"она вновь забылась, но это последнее",1
698,"раскольников пошел к дверям, но она",1
699,- сохрани тебя бог! - послышался,1
700,"- да, разумеется, так, - сказал",1
701,выражение досады уже исчезло на лице,0
702,- то есть нахожу я или,1
703,- наталья!. - сказала марья дмитриевна.,0
704,долохов не отвечал ему. - можешь,0
705,"- сам, сам; прощай! потом еще",1
706,"холодный и строгий тон человека, которого",0
707,- говорил? забыл. но тогда я,1
708,- обо мне! да... ты где,1
709,в третьем акте был на сцене,0
710,под подушкой его лежало евангелие. он,0
711,- с ума сошла! - проговорил,1
712,- слишком легко тогда было бы,1
713,"но это была она в новом,",1
714,"- нечего и говорить, что вы",1
715,- и в самом деле.,1
716,"наташа сидела всё время молча, исподлобья",0
717,- милушка! матушка! - послышался торжествующий,1
718,"- из всех ваших полупьяных рассказов,",0
719,- неужели вы не понимаете? николенька,1
720,наташа проснулась и увидала соню.,0
721,"- ах, сударыня, - заговорил он,",1
722,из окна повеяло свежестью. на дворе,0
723,"- и в самом деле, -",0
724,"часто слушая рассказы странниц, она возбуждалась",0
725,охотник дядюшки с другой стороны скакал,0
726,свидригайлов встал и опомнился. злобная и,1
727,- он разъяснил? сам же тебе,1
728,в последнее время в москве эта,0
729,"- да, ежели так поставить вопрос,",0
730,"но как только растворялась дверь, на",1
731,"оба остановились, и оба с минуту",1
732,на другой день утром марья дмитриевна,0
733,"""вот еще вздумал связаться! - решил",1
734,"он стал говорить громче, очевидно для",1
735,"- то есть оно, по крайней",1
736,"- сударыня, сударыня, успокойтесь, - начал",1
737,"- нет, ежели бы ты знала,",0
738,"с твердым намерением, устроив в полку",1
739,"- в наташу ростову, да? -",0
740,- отдай это графине. ежели ты,0
741,"""27 го ноября.",0
742,"- да, он хотел зайти, -",1
743,"оба наконец вышли. трудно было дуне,",1
744,во время этого акта наташа всякий,0
745,- что? кому?. шутишь! - крикнул,1
746,"- ну, прощайте, ваше сиятельство, не",0
747,"- хоть я и знаю, что",1
748,часть шестая,1
749,- оставьте меня! - проговорила она,1
750,"- курагин! назад, - кричал долохов.",0
751,- ну вот еще! куда бы,1
752,- от кого? вы кто?,1
753,"- ну да, во-вторых? (раскольников всё",1
754,пьер внимательно и серьезно слушал ее.,0
755,"- низкий человек, а на страданье",1
756,"- как невыгодно! коли вы убеждены,",0
757,"- а ты не думаешь, сестра,",0
758,- только току приколоть.,1
759,"- родион романович, имею вам два",1
760,"князь андрей встал и, на цыпочках,",0
761,"дунечка выстрелила, осечка!",1
762,"- жалко, жалко молодца; давай письмо.",1
763,какой восторг разлился по перстам!,1
764,с свинцом в груди!..,1
765,"- эй, жизнью не брезгайте! -",1
766,на второй неделе великого поста пришла,1
767,- а ведь я к вам,1
768,- а ну как я убегу?,1
769,"- она письмо одно получила, сегодня,",1
770,она споткнулась на всем бегу и,1
771,тут пульхерия александровна вдруг заплакала.,1
772,"он счастлив был выказываемой ему благодарностью,",1
773,- в разврате! ну вот вы,1
774,"- нету, родя. очень часто ее",1
775,"но тут уж начинается новая история,",1
776,"- это тот самый. я вижу,",1
777,"на другой день, 3 го марта,",0
778,- да почему же бы и,1
779,- я боюсь и пугаюсь? пугаюсь,1
780,а свидригайлов между тем ровнехонько в,1
781,"- что же, вас бивали?",1
782,ложа элен наполнилась и окружилась со,1
783,- как кто убил?.. - переговорил,1
784,- а что ж? непременно. всяк,1
785,князь андрей вошел в столовую. всё,0
786,ростовы в петербурге жили так же,0
787,"- поискать. - повторил граф, видимо",0
788,"- дурак, я тебе сказал соболий.",0
789,"он глубоко задумался о том: ""каким",0
790,- я эту теорию его знаю.,1
791,- ну так что ж? -,1
792,"итак, порфирий сам еще и разъяснял",1
793,"- матёрый, ваше сиятельство, - отвечал",0
794,"- ну, хорошо, хорошо, - закричал",0
795,- имел даже честь и счастие,1
796,- что так говорю? а объясниться,1
797,"когда кончилось чтение ядовитых бумаг денисова,",0
798,"- отчего? - не переменяя положения,",1
799,- да ведь вы очень дружны,1
800,"в середине лета, княжна марья получила",0
801,перонская была уже готова. несмотря на,0
802,- вы?,1
803,- ты всегда был очень рассудительный,1
804,"в это время неслышными шагами, с",0
805,два месяца спустя дунечка вышла замуж,0
806,он вышел; он качался. голова его,1
807,"- я не веровал, а сейчас",1
808,"""что с ней сделалось?"" еще удивленнее",1
809,"- а, так ты лжешь! я",1
810,- с какими же целями вы,0
811,"- хорошо, - сказал смольянинов, и",0
812,свидригайлов вздрогнул: это ты было уже,1
813,"""хорошо бы это было, - подумал",1
814,раскольников пошел вслед за ним.,1
815,- вы сделали это наблюденье! -,1
816,"- нет, она оделась и вышла",1
817,с осени 1806 года опять всё,1
818,"- у меня нет жениха, я",1
819,"""ваш сын, в моих глазах, писал",0
820,"пульхерия александровна молча обнимала его, прижимала",1
821,илья петрович уселся и рылся в,1
822,"- нет, ты знаешь, что еще",0
823,"- э, полноте, что мне теперь",1
824,"- я рассудил, что нам по",1
825,"градус политического термометра, указанный на этом",0
826,"- точно так же, как я",1
827,"- нет, - отвечала она, но",1
828,"- что ж, если бы я",1
829,в такие минуты в душе княжны,0
830,"""ну для чего, ну зачем я",1
831,- как вы разумеете?. - сказал,1
832,"- одним словом, в вас эта",1
833,- хорошо же! - не робея,1
834,"- но ведь это не то,",1
835,- так... кто же... убил?.. -,1
836,"раскольников опустился на стул, но не",1
837,"""увольте старика в деревню, который и",1
838,"- это не я убил, -",1
839,- не на этом же одном,1
840,- что у вас там было?,1
841,"- я не знаю, что со",1
842,"князь андрей, невеселый и озабоченный соображениями",0
843,пьер взял в руки связку бумаг.,0
844,"""я зол, я это вижу, -",1
845,- да они и теперь вырываются.,1
846,"- потому что, как я уж",1
847,"- понимаю, понимаю, и доставили удовольствие.",1
848,"""да, здесь, в этом лесу был",0
849,"как будто обойдя свое царство, испытав",1
850,"- хорошо, - сказал ритор поспешно,",0
851,"- да, так она любит меня",0
852,"- пойдем, пойдем, - поспешно сказал",0
853,"- рассказывать всё по порядку, как",1
854,княжна марья уже давно оставила книгу:,0
855,"оборванец удалился, совершенно разочарованный.",1
856,лицо дядюшки было очень значительно и,0
857,"раскольников отвел рукой воду и тихо,",1
858,мелькала постоянно во все эти дни,1
859,"- вообразите, я был у вас,",0
860,"- ну, а брат? из любопытства",1
861,"противно своей привычке опаздывать, пьер в",0
862,"- нет, душа моя, мне самой",0
863,"- понимаю (вы, впрочем, не утруждайте",0
864,- где же ты был всю,1
865,"- это как вам угодно, но",1
866,"- здравствуйте, дядюшка, - сказал николай,",0
867,"- сделайте одолжение, оставьте все эти",1
868,"в соседний бенуар вошла высокая, красивая",0
869,"рана его, несмотря на свою ничтожность,",0
870,"- эх, полноте, - как бы",1
871,"- но вы знаете, как это",1
872,"4) различные способы передачи картавости денисова,",0
873,"- вот чудак-то, да мы уж",1
874,"- ну, что пугать их! -",1
875,борис с своим товарищем жилинским тоже,0
876,- опять я! не гляди на,0
877,"- я боюсь, - сказал пьер,",0
878,- но если по каким либо,1
879,"- а эти деньги, аркадий иванович,",0
880,- принеси телятины и чаю.,1
881,"""3 го декабря.",0
882,разговор замолк на минуту; старый генерал,0
883,"- очень много, - краснея и",0
884,"- вам, вам, софья семеновна, и,",1
885,раскольников вошел в свою каморку и,1
886,"- а вы, михаил никанорыч? -",0
887,- по-почему... вы знаете? - прошептал,1
888,раскольников грустно замолчал и поник головой;,1
889,"в одну из минут неловкого молчания,",0
890,свидригайлов остановился у квартиры сони.,1
891,"- нет, мама, я не влюблена",0
892,"павлоградский полк, находившийся в той части",0
893,- выпейте воды.,1
894,соня вскрикнула.,1
895,"- ничего вы не могли слышать,",0
896,"- о, не беспокойтесь! притом же",1
897,вот в чем одном признавал он,0
898,"- нет, знаете, вы со мной",1
899,"- оставьте, оставьте ваши подлые, низкие",0
900,- всё равно... прощай...,1
901,"молодой граф, задыхаясь, не обращая на",0
902,- но она!,1
903,- я теперь тоже хочу сделаться,1
904,- шшшш! - зашикал граф и,0
905,"- ну так дружны, так дружны!",1
906,"- прощай, племянница дорогая, - крикнул",0
907,"он был очень беспокоен, посылал о",1
908,- если бы даже это была,1
909,- парнишка еще молодой! - ввернул,1
910,"на другой день, в 8 часов",0
911,- н-нет...,1
912,первое время своего знакомства с сперанским,0
913,"- нет, - отвечала наташа, хотя",0
914,"- да мы знаем, но то",1
915,"- нет, об чем же говорить!",1
916,"- а помнишь, мы говорили с",1
917,"дуня поняла ее, схватила ключ, бросилась",1
918,он отворотился и пошел от нее,1
919,- да в этом-то и я,1
920,- этого быть не может! -,1
921,раскольников давно уже не слушал. поровнявшись,1
922,"- мне разумихин сейчас говорил, что",1
923,- или ты боишься со мной,1
924,в этот вечер ростовы поехали в,0
925,дуня отрицательно повела головой.,1
926,"- это я знаю, видал, -",1
927,"- хорошо, за бориса уже не",0
928,масон внимательно посмотрел на пьера и,0
929,"когда ростов подъезжал к полку, он",0
930,- да вы... да что же,1
931,пьер с главноуправляющим каждый день занимался,0
932,"- а знаете, графиня, - сказал",0
933,- и нельзя иначе? - спросила,0
934,- умерла! - сказал лебезятников.,0
935,николаю тоже очень нравилась игра дядюшки.,0
936,на наташином столе стояли еще с,0
937,"свидригайлов занимал две меблированные, довольно просторные",1
938,"- слышал. лужин обвинял вас, что",0
939,- имею удовольствие говорить с графом,0
940,"соня не сдавалась на нежный тон,",1
941,"приговор, однако ж, оказался милостивее, чем",0
942,"- где ключ? отвори сейчас дверь,",1
943,"николай не поехал в москву, графиня",0
944,"- ну, всё таки скажите ему,",0
945,"- ах! глупости, глупости! - опять",0
946,он долго ходил по всему длинному,1
947,судопроизводство по делу его прошло без,1
948,"- не могу же я разорваться,",1
949,"- да. я скажу ему, -",1
950,у дома этого стояли верховые лошади,0
951,"- как она мила, к'асавица будет,",0
952,- случалось. а что?,1
953,"- да, да, - подтвердил пьер.",0
954,"накануне того дня, в который должен",1
955,пьер вдруг тяжело вздохнул и повалился,0
956,- от порфирия?,1
957,- не всегда был старик. но,0
958,- улюлю!. - не своим голосом,0
959,"- пойдемте поскорее, - прошептал ей",1
960,"- надо лелеять мужей хорошеньких женщин,",0
961,"- вы... одно ваше слово, и",1
962,"графиня стала успокоивать наташу. наташа, вслушивавшаяся",0
963,"- не скажу какую, родион романыч.",1
964,"- это метампсикова, - сказала соня,",1
965,- в чужие край?,1
966,"- ну, ну! входите уж, коли",0
967,"- а-зе, сто-зе, эти сутки (шутки)",1
968,ну чем мой поступок кажется им,0
969,"- нет, это вы-с, родион романыч,",1
970,- что же... что же он?,1
971,- сильно подействовало! - бормотал про,1
972,- каким образом вы можете его,0
973,"случилось так, что коля и леня,",1
974,князю андрею вдруг стало от чего,0
975,"""где это мы едем?"" подумал николай.",0
976,он спешил к свидригайлову. чего он,1
977,но мало отрадного могли вывести дуня,1
978,- да что же он? -,1
979,"- нет, я не говорил ей",1
980,- отчего? - испуганно сказала наташа.,0
981,лицо свидригайлова искривилось в снисходительную улыбку;,1
982,"- да, да, - смеясь отвечали",1
983,- кого вам? - спросил кто,1
984,- вы обещали графине ростовой жениться,0
985,- по некоторым словам и словечкам,1
986,- да и этого ведь довольно.,1
987,"- я приехал, графиня, просить руки",0
988,"раскольников чувствовал, что на него как",1
989,они положили ждать и терпеть. им,1
990,на другой день после своего объяснения,1
991,- ты давно их видел?,1
992,"на пьера не находили, как прежде,",0
993,"соня, наташа, петя, анна михайловна, вера,",0
994,для раскольникова наступило странное время: точно,1
995,- а вам кого?,1
996,"- а, и иванушка тут, -",1
997,"26 февраля 1807 года, старый князь",0
998,"объявились, кроме того, совершенно неожиданно и",1
999,"да и стоило ль теперь, после",1
1000,"- да, это вы, князь, отпустили",0
1001,- чего вы боитесь! - заметил,1
1002,"- это всё вздор, - сказал",0
1003,вдруг подле него очутилась соня. она,1
1004,наташа чувствовала себя в эту минуту,0
1005,"- телятина-с, водка-с, закуска-с.",1
1006,"- да я не про то,",1
1007,"- знаю - кирилла матвеич, да",1
1008,"доводы его были сжаты, просты и",1
1009,"- что вы, что с вами,",1
1010,- а вы были шулером?,1
1011,"- пансиона, ха-ха-ха! славны бубны за",1
1012,"""9 го декабря.",0
1013,"- довольно!.. пора!.. прощай, горемыка!.. уездили",1
1014,- подлец! - прошептала дуня в,1
1015,"- вы знаете, может быть (да",1
1016,раскольников взял газетку и мельком взглянул,1
1017,"- что с тобой, родя, не",1
1018,- да куда вы это так,1
1019,"- да ведь этот, кажется. -",1
1020,раскольников поднял вопросительно брови. слова ильи,1
1021,"пьер, как один из почетнейших гостей,",0
1022,"опять тот же сор, те же",1
1023,"- эх, что ж, что я",1
1024,- позвольте вас познакомить с моей,1
1025,"- нечего мне понимать, - с",1
1026,наташа стала надевать платье.,0
1027,"было так светло, что он видел",0
1028,"долохов, молча, с закрытыми глазами, лежал",0
1029,"- вот как! а хотите, я",1
1030,- чем это позаимствоваться?,1
1031,"- а тебе какое дело, что",1
1032,лицо наташи опять выразило злобу.,0
1033,- ну что? - спросил князь,0
1034,- соня! соня! - послышался опять,1
1035,"- да это правда, князь; в",0
1036,"- эге, авдотья романовна! видно, забыли,",1
1037,- или точно не будить? -,1
1038,"раза два, впрочем, случилось, что она",1
1039,раскольников поднялся в трактир.,1
1040,"""стало быть она знает, что я",1
1041,"- лжешь! я тебя ненавидела всегда,",1
1042,"""да, значит, нашелся исход! а то",1
1043,в 1809 году близость двух властелинов,1
1044,"по обыкновению своему, он, оставшись один,",1
1045,"он вдруг посторонился, чтобы пропустить входившего",1
1046,- отворите! отворите! - кричала она,1
1047,"- ну, если так, - даже",1
1048,как будто огонь блеснул в его,0
1049,"- разве ты, идучи на страдание,",1
1050,- вы подслушивали?,1
1051,- я бы не исполнил своей,1
1052,ростов с денисовым повезли раненого долохова.,0
1053,"- рассказывайте, но я надеюсь, вы...",1
1054,"- ну, ей-богу же, нет! -",1
1055,"вечером того же дня, когда уже",0
1056,"- если бы вы не верили,",1
1057,"- всю эту возню, то есть",1
1058,иногда пьер вспоминал о слышанном им,0
1059,князь андрей нахмурившись молчал.,0
1060,"- отец, отец, грех тебе, у",1
1061,порфирий петрович приостановился с достоинством. раскольников,1
1062,"да и что такое эти все,",1
1063,"- позвольте справиться, дома ли. нету.",0
1064,"- поди, поди к нему. он",1
1065,"действительно это была мелюковка, и на",0
1066,"масон хрипло, старчески прокашлялся и кликнул",1
1067,- а соня?.. - тревожно спросил,1
1068,"- николинька, я тебе растолкую, ты",1
1069,раскольников горько усмехнулся.,1
1070,"после своего объяснения с женой, пьер",0
1071,- вот как! - сказал ростов.,0
1072,"- вот, посмотрите сюда, в эту",1
1073,графиня писала прямо к карагиной в,0
1074,- чай есть? - спросил свидригайлов.,1
1075,- о гой! - послышался в,1
1076,он исписал альбомы девочек стихами и,0
1077,- а где же он теперь,1
1078,"""я вас всех люблю и никому",1
1079,- боже мой! за что?. -,1
1080,- как похожи брат с сестрой!,1
1081,- это такая прелесть! я тебе,1
1082,"- отец, что ты сказал такое,",0
1083,соня неохотно что то отвечала.,1
1084,"сибирь. на берегу широкой, пустынной реки",0
1085,"- но ты подумай, что ты",1
1086,- как же ты не перекувыркнулась,1
1087,"первые слова, которые он услыхал, когда",1
1088,"- я, брат, еду в чужие",1
1089,"наташа первая дала тон святочного веселья,",0
1090,"- служил, да бросил. не гожусь,",1
1091,"- ату - его, - послышался",1
1092,"в это время застенчиво, тихими шагами,",0
1093,"- она сюда приходила, одна, здесь",1
1094,наташа смотрела в зеркала и в,0
1095,он прилег на диван и хотел,1
1096,дуня подошла к столу взять ключ.,1
1097,- сам ты безобразник! я всё,1
1098,"долохов часто обедал у ростовых, никогда",0
1099,- только наше святое братство имеет,0
1100,"- поздно, пора. я сейчас иду",1
1101,- вот с нею я много,1
1102,свидригайлов пошел вон из трактира. раскольников,1
1103,"- садись, наташа, может быть ты",0
1104,жюли играла борису нa арфе самые,0
1105,"чувство, однако же, родилось в нем;",1
1106,"- скажи, пожалуйста, откуда ты это",1
1107,"вскоре после приезда ростовых в петербург,",0
1108,соня осталась среди комнаты. он даже,1
1109,"- да, мать и сестра.",1
1110,ваше превосходительство! - вдруг завопила она,0
1111,"- голубушка, мамаша, как я вас",0
1112,"""борис не хочет помочь мне, да",0
1113,"- не сердись, брат, я только",1
1114,"соня опять перебила его. она умоляющим,",1
1115,- родион романыч.,1
1116,"- хороша, брат, да не про",0
1117,"- ах это ужасно, ужасно! -",1
1118,- зачем же я тогда вам,1
1119,"наташа не помнила, как она вошла",0
1120,он скорее допускал тут одну только,1
1121,- ты уж попался раз на,1
1122,- а угрызение совести? вы отрицаете,1
1123,"анатоль, которого он искал, в этот",0
1124,"две тройки были разгонные, третья тройка",0
1125,"соня упала на ее труп, обхватила",1
1126,"вечер был свежий, теплый и ясный;",1
1127,"в продолжение скучного дня, во время",0
1128,- так как п'отивники отказались от,1
1129,"оборванец, воротившийся с чаем и с",1
1130,"- ну да! - сказал, усмехаясь,",0
1131,"- вот еще знакомый, болконский, видите,",0
1132,- я не был у вас,0
1133,"в день отъезда графа, соня с",0
1134,дядюшка ехал насупившись.,0
1135,"- однако, брат, ты сердит, -",1
1136,- так не любишь? - тихо,1
1137,"- одно только, чтобы у нас",1
1138,"""они говорят про нас, про меня",1
1139,"но если не был еще, то",1
1140,он проговорил это с видом какого-то,1
1141,- что с тобой? - спросила,1
1142,- как! вы знаете свидригайлова?,1
1143,- вы ведь дружны с борисом?,0
1144,- вы уже это мне и,1
1145,"- князь не совсем здоров, -",0
1146,"- гм. гм. - мычал пьер,",0
1147,"- вы куда теперь изволите ехать,",1
1148,"в комнате стояла детская кроватка, два",0
1149,- ишь нахлестался! - заметил подле,1
1150,- он это отлично мне разъяснил.,1
1151,"- привели сдаточных, - отвечал слуга.",1
1152,"- ну! - спросила она, подождав",1
1153,"- я не стану пить вина,",1
1154,"- я не боюсь, - отвечал",0
1155,- господин разумихин? статью вашего брата?,1
1156,почти в обмороке упала она на,1
1157,пьер втайне своей души соглашался с,0
1158,"""у них всё то же. они",1
1159,"вдруг она вынула из кармана револьвер,",0
1160,"- хе-хе! а почему вы, когда",1
1161,в самом счастливом состоянии духа возвращаясь,0
1162,"- брат, я теперь знаю всё,",1
1163,"- никаких извинений, ничего решительно, -",1
1164,- навсегда? - сказал князь андрей.,0
1165,- я к вам шел и,1
1166,"- гордость, родя.",1
1167,князь андрей безвыездно прожил два года,0
1168,"""во всяком случае свидригайлова надо увидать",1
1169,- разбилась в кровь! о господи!,1
1170,после этого в дневнике было пропущено,1
1171,соня в изумлении смотрела на него.,1
1172,"- сюда, сюда, ко мне! -",1
1173,"- вы, кажется, игрок?",1
1174,"по крайней мере, он мог бы",0
1175,"- я не нахожу, глядя на",0
1176,- совсем не уйдете? посмотрим! я,1
1177,"- ну так что ж, ну",1
1178,"- вороти, вороти их, соня! о",1
1179,в другом месте он нарисовал гробницу,0
1180,часть третья,1
1181,- говорили тоже о каком-то вашем,1
1182,- чего впереди много будет?,1
1183,"- дай же я перекрещу тебя,",1
1184,раскольников задрожал. пред ним стоял порох;,1
1185,"- мы не чиновники дипломатические, а",1
1186,молчание это было прервано одним из,1
1187,- я вчера его видел... он...,1
1188,"- свидригайлов, - сипло и безучастно",1
1189,"раскольников, как только вышел разумихин, встал,",1
1190,"- н-нет, я только так... я",1
1191,слуга его подал ему разрезанную до,1
1192,"""я очень желаю, пишет прусской король",1
1193,- я останусь один! - проговорил,1
1194,он пролежал в больнице весь конец,1
1195,"- ну, вот это вопрос! по",1
1196,сам долохов часто во время своего,0
1197,"- я говорю ему: ""ваше превосходительство!..""",1
1198,"лебезятников продолжал бы и еще, но",1
1199,"- брат, брат, что ты это",1
1200,и хотя бы судьба послала ему,1
1201,раскольников стал было вставать. ему сделалось,1
1202,"""теперь всё равно: уж ежели государь",1
1203,"- жизни! вы что за пророк,",1
1204,борис помнил ту наташу в коротеньком,0
1205,"свидригайлов был, очевидно, в возбужденном состоянии,",1
1206,"- в колязине, отец, великая благодать",0
1207,- что ж случится?.,1
1208,"пьер покраснел и, поспешно спустив ноги",0
1209,"да, он был рад, он был",1
1210,"- мне кажется, вы пришли ко",1
1211,"- женщины, - сказал тихим, чуть",0
1212,лебезятников имел вид встревоженный.,1
1213,"говоря это, графиня оглянулась на дочь.",0
1214,- к нам? по какому? -,1
1215,"- как хотите, только я-то вам",1
1216,- вчера брат обедал у меня,1
1217,- какое письмо?,1
1218,- я... знаком... моя сестра жила,1
1219,"- не помню хорошо; видишь, сестра,",0
1220,вслед за письмом в уединение пьера,0
1221,"свидригайлов сел к столу, а соню",1
1222,заиграли вновь вводившуюся мазурку; николай не,1
1223,она крепко обняла его.,1
1224,"- простите меня, - сказал князь",0
1225,минуты две продолжалось молчание. он сидел,0
1226,"- ах полно, пожалуйста, можешь ли",0
1227,"- милостивый государь, милостивый государь, вы",0
1228,следующий после театра день ростовы никуда,0
1229,"- да, письмо; а ты не",1
1230,"он жадно осматривался направо и налево,",1
1231,"- эй, филипп, стакан! - крикнул",0
1232,- я говорю про этих стриженых,1
1233,"- гей, г'ишка, т'убку! - крикнул",0
1234,- намедни как от обедни во,1
1235,"как это случилось, он и сам",1
1236,- ты его васькой зовешь -,1
1237,"молодец соскочил держать под уздцы лошадей,",0
1238,- да денька полтора али два,1
1239,"свидригайлов сел на диван, шагах в",0
1240,"- только графиня елена васильевна, сочтя",0
1241,- какое же дело сперанскому до,1
1242,- верю. два раза я вам,1
1243,- ругай! ругаюшка! чистое дело марш!,1
1244,"""о! это ужасно чувствовать себя так",1
1245,"- ну, стало быть, вызвать на",1
1246,- ты! ты мне сам намекал;,1
1247,"- да вы-то кто такой, -",1
1248,- что же ты говорил... я,1
1249,- да... знаю... он недавно приехал...,1
1250,"- кажется, писак довольно развелось, -",1
1251,"- с вами дурно, стул! вот,",1
1252,"перонская называла графине самых значительных лиц,",0
1253,- еще что есть?,1
1254,"- перекрестись, помолись хоть раз, -",1
1255,"- я как-то слаб, дуня; уж",1
1256,- как! у меня вырывались такие,1
1257,письмо это подействовало на николая. у,1
1258,- еще бы вам-то не ощущать,1
1259,дуня была в исступлении. револьвер она,1
1260,ростов поставил 5 рублей на карту,0
1261,"- ты ненавидишь, так измени ее,",1
1262,"- что ж, вам нужно удовлетворение?",1
1263,"- хорош денек, а? и гоньба,",0
1264,"охотник, стоявший в яме, тронулся и",1
1265,дуня остановилась в нерешительности и пронзающим,1
1266,"видно было, что насмешливое отношение князя",0
1267,"- да, да-да! родион романыч, родион",1
1268,"ему вдруг почему-то вспомнилось, как давеча,",1
1269,- помирает! - закричал кто-то.,1
1270,"- как, дозволение! - завопила катерина",1
1271,"- родя, родя, что с тобою?",1
1272,"- туда и иду. что же,",1
1273,через два часа после этого князь,0
1274,граф илья андреич опять сел на,0
1275,илья андреич был немножко красен от,0
1276,около деревни праца ростову велено было,0
1277,- почему... почему ты это узнал?,1
1278,вслед за этим анна павловна навела,0
1279,он недоверчиво вскинул на нее глазами.,1
1280,"он взглянул на нее, и серьезная",1
1281,"- ну да уж знаю, запомню,",1
1282,он перекрестился несколько раз. соня схватила,1
1283,- что же ты теперь хочешь,1
1284,"но тот, казалось, приближался таинственно и",1
1285,"- хороша, очень хороша! - сказала",0
1286,ничего не было дурного или неуместного,1
1287,девушка тотчас же оборвала и остановилась,1
1288,"- прощайте, маменька.",1
1289,- ты безбожник! ты в бога,1
1290,"- нет, это хор из водоноса,",0
1291,"- вы, однако ж, пристроили детей",0
1292,"- вот пишет, - говорила она,",1
1293,"- а вот она, царица петербурга,",0
1294,разумихин помолчал с минуту.,1
1295,- в америку?,1
1296,"смотритель, смотрительша, камердинер, баба с торжковским",1
1297,"- нет, знаешь, я не верю",1
1298,"- не говорите мне таких вещей,",1
1299,"- нет, родион романыч, не ошибаюсь.",0
1300,"- василий дмитрич, мне вас так",0
1301,он зажег свечу и осмотрел нумер,0
1302,"- да, ничего, скачет, - отвечал",1
1303,"- мне нельзя, мне пора, мне",0
1304,"пьер думал о том, что князь",0
1305,они опять постояли с минуту друг,1
1306,"- а коли так, зачем вы",1
1307,- а вы и на силу,1
1308,"он вдруг вспомнил слова сони: ""поди",1
1309,"старый граф, всегда державший огромную охоту,",0
1310,"- детей я вообще люблю, я",0
1311,беспокойный бред охватывал ее более и,0
1312,соня молча вынула из ящика два,1
1313,"- да ничего, брат, здравствуй! -",1
1314,"- аринка, глянь ка, на бочькю",0
1315,- отпусти меня! - умоляя сказала,0
1316,- а! так это насилие! -,1
1317,"- улюлюлю! - шопотом, оттопыривая губы,",1
1318,"- что ж, мощи новые? -",0
1319,"- да как же, к ней",1
1320,"бледный, с трясущейся губой, пьер рванул",0
1321,элен была в эрфурте во время,0
1322,"- садись, врешь, пей, - сказал",0
1323,"- дело длинное, авдотья романовна. тут,",1
1324,а каково! даже разумихин начал было,1
1325,ее опустили опять на подушку.,1
1326,"- да, много, много мы изменились",0
1327,вдруг она отбросила револьвер.,0
1328,"князь андрей с сияющим, восторженным и",0
1329,опять солдат! ну чего тебе надобно?,1
1330,свидригайлов спустил курок.,0
1331,- ведь какая складка у всего,1
1332,"они оба замолчали, и молчание длилось",1
1333,"- никому не поверю; я знаю,",1
1334,"у кутил, у этих мужских магдалин,",0
1335,"- тут, авдотья романовна, тысячи и",1
1336,"действительно, сквозь толпу протеснился городовой. но",0
1337,"- да, как человек, всё как",1
1338,[со времени наших блестящих успехов в,1
1339,она сделала то самое и так,1
1340,"- подожди, соня, ты всё поймешь.",1
1341,"- да разве вероятно, чтоб он",1
1342,"молочный, густой туман лежал над городом.",0
1343,"когда он вошел к соне, уже",1
1344,"- о, помилуйте, сколько угодно! удовольствие",1
1345,"- гость, - отвечал антон.",0
1346,"- ну да это всё равно,",1
1347,- вы всегда танцуете. тут есть,0
1348,а что же? он стыдился даже,1
1349,всё в нем самом и вокруг,0
1350,"- ну держись, барин, - проговорил",1
1351,назначено было торжественное заседание ложи 2,1
1352,- предложили другие владения заместо ольденбургского,0
1353,так дуня и сделала. она потихоньку,1
1354,"- ловко написано, что и говорить,",1
1355,"- я вижу, что я не",1
1356,- злой человек! он еще насмехается.,1
1357,"- ну вот денисов всё тужил,",0
1358,запах еды преображенцев и голод вызвали,1
1359,но только что он отворил дверь,1
1360,"оставшись один, пьер продолжал всё так",0
1361,он схватил бутылку и без церемонии,1
1362,"- я пришел вас уверить, что",1
1363,"- где вы - там разврат,",1
1364,"да, он почувствовал еще раз, что,",1
1365,"- да что вы, родион романыч,",1
1366,- ну теперь поговорим. поздравляю тебя,1
1367,"- у всякого свои шаги, -",1
1368,"- ну их, не поминайте; в",1
1369,начал катю целовать.,1
1370,раскольников до того устал за всё,1
1371,все в доме чувствовали для кого,0
1372,"порфирий вышел, как-то согнувшись и как",1
1373,он начинал даже бредить. с ним,1
1374,"- это не тот ли лакей,",0
1375,- ты еще придешь?,1
1376,- слава богу! а как мы,1
1377,николай отвернулся от нее. наташа с,0
1378,"- да. а помнишь, как папенька",1
1379,- поверю!,1
1380,"- к чог'ту марш скорым шагом,",0
1381,он вырвался наконец.,0
1382,"- со мной денег нет, -",1
1383,"- сейчас, сейчас, не ходи, папа,",0
1384,"ростов поспешно обулся, надел халат и",0
1385,- только что похоронили марфу петровну?,1
1386,"- это, значит, символ того, что",0
1387,- пошел! пошел! - разгонял он,1
1388,пьер с кроткой улыбкой сожаления и,0
1389,он повстречался с нею при входе,1
1390,- она письмо получила? - задумчиво,1
1391,"- мне никого не нужно, я",1
1392,"в числе молодых людей, введенных ростовым,",0
1393,- так вы здесь только на,1
1394,- отчего же трудно представить вечность?,1
1395,- а вот зачем. отец мой,1
1396,"""еще бы!"", отвечали смеющиеся глаза наташи.",0
1397,раскольников подумал с минуту.,1
1398,"- опять вы за старое, порфирий",1
1399,"- ну да, - улыбнулся с",1
1400,"как и в первом томе, в",1
1401,кровь еще покрывала ее иссохшие губы.,0
1402,"- так ты рада, и я",1
1403,- так я не допущу до,1
1404,- нет.,1
1405,"- эх, не надо! - проговорил",1
1406,дядюшка сыграл еще песню и вальс;,0
1407,- куда вы? да куда вы?,1
1408,"голос ее задрожал, она чуть не",0
1409,"- вот с этакими-то глупейшими, чисто",1
1410,"- нет, мама, мне так жалко",0
1411,"- соня, нельзя сомневаться в нем,",1
1412,"была одна странница, федосьюшка, 50 ти",0
1413,марья дмитриевна только пожала плечами.,1
1414,"он стал в дверях. начиналась служба,",1
1415,- а вы могли бы застрелиться?,1
1416,"князь андрей, после аустерлицкой кампании, твердо",0
1417,- еще какой! - сказала она.,0
1418,- но что же делать? до,1
1419,наташа встала и присела великолепной графине.,0
1420,"- тут я не рассмотрела, что",1
1421,"- и это последнее мое слово,",1
1422,"анна михайловна глубоко вздохнула: - долохов,",0
1423,"- нет. я говорю только, что",1
1424,соня была печальна и от разлуки,1
1425,"- насчет шарманки надо дозволение иметь,",1
1426,день опять был ясный и теплый.,1
1427,она точно умаливала свидригайлова; она весь,1
1428,на другое утро приезжие спали с,1
1429,"он не помнил, сколько он просидел",1
1430,"борис жил с другим адъютантом, польским",0
1431,- вот в этом колене не,1
1432,"ростов, со времени своего проигрыша, решил,",0
1433,он вспомнил и сообразил всё о,1
1434,"- ничего, ничего!",1
1435,"- ах, боже мой, граф, есть",0
1436,"- ну денисов другое дело, -",0
1437,"- а помнишь, как мы катали",1
1438,- я ключ потерял и не,1
1439,"пьер теперь только, в свой приезд",0
